{"cameraMode":{"drawMode":0,"name":"Shaded","section":"Shading Mode"},"sceneLighting":true,"audioPlay":false,"sceneViewState":{"showFog":true,"showMaterialUpdate":false,"showSkybox":true,"showFlares":true,"showImageEffects":true,"showParticleSystems":true},"in2DMode":false,"pivot":{"x":0.7031868696212769,"y":3.024611473083496,"z":-4.403631210327148},"rotation":{"x":-0.15415918827056886,"y":0.19193771481513978,"z":-0.030543746426701547,"w":-0.9687432050704956},"size":3.7616946697235109,"orthographic":false}