{"cameraMode":{"drawMode":0,"name":"Shaded","section":"Shading Mode"},"sceneLighting":true,"audioPlay":false,"sceneViewState":{"showFog":true,"showMaterialUpdate":false,"showSkybox":true,"showFlares":true,"showImageEffects":true,"showParticleSystems":true},"in2DMode":false,"pivot":{"x":2.6440682411193849,"y":4.066513538360596,"z":-6.597475051879883},"rotation":{"x":-0.0884692370891571,"y":0.07075769454240799,"z":-0.0063006216660141949,"w":-0.9935433864593506},"size":1.9616949558258057,"orthographic":false}