{"cameraMode":{"drawMode":0,"name":"Shaded","section":"Shading Mode"},"sceneLighting":true,"audioPlay":false,"sceneViewState":{"showFog":true,"showMaterialUpdate":false,"showSkybox":true,"showFlares":true,"showImageEffects":true,"showParticleSystems":true},"in2DMode":false,"pivot":{"x":116.31622314453125,"y":19.832311630249025,"z":-15.131732940673829},"rotation":{"x":-0.006575606297701597,"y":-0.9916491508483887,"z":0.05589430406689644,"w":-0.11624889075756073},"size":111.39781951904297,"orthographic":false}