{"cameraMode":{"drawMode":0,"name":"Shaded","section":"Shading Mode"},"sceneLighting":false,"audioPlay":false,"sceneViewState":{"showFog":true,"showMaterialUpdate":false,"showSkybox":false,"showFlares":true,"showImageEffects":true,"showParticleSystems":true},"in2DMode":false,"pivot":{"x":-1.3004679679870606,"y":2.9096198081970217,"z":2.384185791015625e-7},"rotation":{"x":-0.3831101953983307,"y":-0.23740896582603455,"z":0.10258576273918152,"w":-0.886782169342041},"size":25.630306243896486,"orthographic":false}