{"cameraMode":{"drawMode":0,"name":"Shaded","section":"Shading Mode"},"sceneLighting":true,"audioPlay":false,"sceneViewState":{"showFog":true,"showMaterialUpdate":false,"showSkybox":true,"showFlares":true,"showImageEffects":true,"showParticleSystems":true},"in2DMode":false,"pivot":{"x":94.08060455322266,"y":-10.875905990600586,"z":135.12997436523438},"rotation":{"x":0.145308718085289,"y":-0.23886734247207642,"z":0.03617728129029274,"w":0.9594399333000183},"size":162.77581787109376,"orthographic":false}