{"cameraMode":{"drawMode":0,"name":"Shaded","section":"Shading Mode"},"sceneLighting":true,"audioPlay":false,"sceneViewState":{"showFog":true,"showMaterialUpdate":false,"showSkybox":true,"showFlares":true,"showImageEffects":true,"showParticleSystems":true},"in2DMode":false,"pivot":{"x":71.90455627441406,"y":3.489954948425293,"z":163.01490783691407},"rotation":{"x":0.23453083634376527,"y":0.1762494146823883,"z":-0.04328271374106407,"w":0.955028235912323},"size":9.126975059509278,"orthographic":false}