{"cameraMode":{"drawMode":0,"name":"Shaded","section":"Shading Mode"},"sceneLighting":true,"audioPlay":false,"sceneViewState":{"showFog":true,"showMaterialUpdate":false,"showSkybox":true,"showFlares":true,"showImageEffects":true,"showParticleSystems":true},"in2DMode":false,"pivot":{"x":2.6191885471343996,"y":7.313574314117432,"z":7.110541820526123},"rotation":{"x":-0.12566609680652619,"y":-0.2949293553829193,"z":0.03916119411587715,"w":-0.9464158415794373},"size":11.695345878601075,"orthographic":false}