{"cameraMode":{"drawMode":0,"name":"Shaded","section":"Shading Mode"},"sceneLighting":true,"audioPlay":false,"sceneViewState":{"showFog":true,"showMaterialUpdate":false,"showSkybox":true,"showFlares":true,"showImageEffects":true,"showParticleSystems":true},"in2DMode":false,"pivot":{"x":0.1766209602355957,"y":0.5730459690093994,"z":-0.5274195671081543},"rotation":{"x":-0.07045206427574158,"y":0.9155706763267517,"z":-0.18398484587669373,"w":-0.35059359669685366},"size":10.0,"orthographic":false}