{"cameraMode":{"drawMode":0,"name":"Shaded","section":"Shading Mode"},"sceneLighting":true,"audioPlay":false,"sceneViewState":{"showFog":true,"showMaterialUpdate":false,"showSkybox":true,"showFlares":true,"showImageEffects":true,"showParticleSystems":true},"in2DMode":false,"pivot":{"x":-10.257912635803223,"y":-7.189632415771484,"z":5.839076519012451},"rotation":{"x":0.3641022741794586,"y":-0.1190907284617424,"z":0.04706597700715065,"w":0.9225512742996216},"size":22.804346084594728,"orthographic":false}