{"cameraMode":{"drawMode":0,"name":"Shaded","section":"Shading Mode"},"sceneLighting":true,"audioPlay":false,"sceneViewState":{"showFog":true,"showMaterialUpdate":false,"showSkybox":true,"showFlares":true,"showImageEffects":true,"showParticleSystems":true},"in2DMode":false,"pivot":{"x":-6.679401874542236,"y":0.4621860980987549,"z":-6.200844764709473},"rotation":{"x":0.030642220750451089,"y":-0.9310770034790039,"z":0.07992316782474518,"w":0.3547385036945343},"size":6.741267204284668,"orthographic":false}