{"cameraMode":{"drawMode":0,"name":"Shaded","section":"Shading Mode"},"sceneLighting":false,"audioPlay":false,"sceneViewState":{"showFog":true,"showMaterialUpdate":false,"showSkybox":false,"showFlares":true,"showImageEffects":true,"showParticleSystems":true},"in2DMode":false,"pivot":{"x":3.9115843772888185,"y":2.355346202850342,"z":-3.147488594055176},"rotation":{"x":0.014636275358498097,"y":-0.2186930626630783,"z":0.003280641743913293,"w":0.9756783843040466},"size":7.328741073608398,"orthographic":false}