{"cameraMode":{"drawMode":0,"name":"Shaded","section":"Shading Mode"},"sceneLighting":true,"audioPlay":false,"sceneViewState":{"showFog":true,"showMaterialUpdate":false,"showSkybox":true,"showFlares":true,"showImageEffects":true,"showParticleSystems":true},"in2DMode":false,"pivot":{"x":54.99357986450195,"y":6.004260063171387,"z":6.529889106750488},"rotation":{"x":0.030642220750451089,"y":-0.9310770034790039,"z":0.07992316782474518,"w":0.3547385036945343},"size":64.24267578125,"orthographic":false}