{"cameraMode":{"drawMode":0,"name":"Shaded","section":"Shading Mode"},"sceneLighting":true,"audioPlay":false,"sceneViewState":{"showFog":true,"showMaterialUpdate":false,"showSkybox":true,"showFlares":true,"showImageEffects":true,"showParticleSystems":true},"in2DMode":false,"pivot":{"x":5.476364612579346,"y":16.796772003173829,"z":127.60433959960938},"rotation":{"x":0.014636275358498097,"y":-0.2186930626630783,"z":0.003280641743913293,"w":0.9756783843040466},"size":131.6571807861328,"orthographic":false}