{"cameraMode":{"drawMode":0,"name":"Shaded","section":"Shading Mode"},"sceneLighting":true,"audioPlay":false,"sceneViewState":{"showFog":true,"showMaterialUpdate":false,"showSkybox":true,"showFlares":true,"showImageEffects":true,"showParticleSystems":true},"in2DMode":false,"pivot":{"x":0.21174627542495728,"y":0.8328542113304138,"z":3.8747105598449709},"rotation":{"x":0.10407185554504395,"y":0.11844079196453095,"z":-0.012483121827244759,"w":0.9874221086502075},"size":10.0,"orthographic":false}