{"cameraMode":{"drawMode":0,"name":"Shaded","section":"Shading Mode"},"sceneLighting":true,"audioPlay":false,"sceneViewState":{"showFog":true,"showMaterialUpdate":false,"showSkybox":true,"showFlares":true,"showImageEffects":true,"showParticleSystems":true},"in2DMode":false,"pivot":{"x":-3.574028968811035,"y":5.513723850250244,"z":12.110909461975098},"rotation":{"x":0.12001946568489075,"y":0.006537140347063541,"z":-0.0007792673422954977,"w":0.9927626848220825},"size":13.553557395935059,"orthographic":false}