{"cameraMode":{"drawMode":0,"name":"Shaded","section":"Shading Mode"},"sceneLighting":true,"audioPlay":false,"sceneViewState":{"showFog":true,"showMaterialUpdate":false,"showSkybox":true,"showFlares":true,"showImageEffects":true,"showParticleSystems":true},"in2DMode":false,"pivot":{"x":-0.4059329032897949,"y":7.828940391540527,"z":10.69072151184082},"rotation":{"x":-0.04162006080150604,"y":-0.061684560030698779,"z":0.002563148969784379,"w":-0.9972372651100159},"size":13.553557395935059,"orthographic":false}