{"cameraMode":{"drawMode":0,"name":"Shaded","section":"Shading Mode"},"sceneLighting":false,"audioPlay":false,"sceneViewState":{"showFog":true,"showMaterialUpdate":false,"showSkybox":false,"showFlares":true,"showImageEffects":true,"showParticleSystems":true},"in2DMode":false,"pivot":{"x":0.0000011920928955078126,"y":1.000000238418579,"z":0.0},"rotation":{"x":0.3028680980205536,"y":0.2632642686367035,"z":-0.08745145797729492,"w":0.9117686152458191},"size":8.083317756652832,"orthographic":false}